<?xml version="1.0"?>
<!DOCTYPE module PUBLIC
  "-//Puppy Crawl//DTD Check Configuration 1.3//EN"
  "http://www.puppycrawl.com/dtds/configuration_1_3.dtd">

<!--
    Checkstyle configuration that checks the coding style is following:
      https://github.com/camunda/cawemo/wiki/Coding-Style

    For available checks and configurations please see:
      http://checkstyle.sourceforge.net/checks.html
 -->

<module name="Checker">

  <!-- Only check java, xml and ftl files -->
  <property name="fileExtensions" value="java, xml, ftl"/>

  <!-- Checks that there is a newline at the end of each file. -->
  <module name="NewlineAtEndOfFile">
    <property name="lineSeparator" value="lf"/>
  </module>

  <!-- Checks that there are no tab characters in the source code. -->
  <module name="FileTabCharacter">
    <property name="eachLine" value="true"/>
  </module>

  <module name="SuppressWarningsFilter"/>

  <module name="SuppressionFilter">
    <property name="file" value="/com/cawemo/checkstyle/suppressions.xml"/>
  </module>

  <!-- Checks that headers are added to java files -->
  <module name="Header">
    <property name="headerFile" value="/com/cawemo/checkstyle/license/java.license.header"/>
    <property name="fileExtensions" value="java"/>
  </module>

  <!-- Checks that headers are added to ftl,xml,html files -->
  <module name="Header">
    <property name="headerFile" value="/com/cawemo/checkstyle/license/xml.license.header"/>
    <property name="fileExtensions" value="ftl,xml,html"/>
  </module>

  <!-- Checks for long lines. -->
  <module name="LineLength">
    <property name="max" value="120"/>
  </module>

  <!-- Checks for empty lines after class definitions -->
  <module name="RegexpMultiline">
    <property name="id" value="RegexpMultilineEmptyRowAfterClassDef"/>
    <property name="format" value="^([^\n ]+ )*(class|interface|@interface|enum) [^{]*\{\n[^\n}]"/>
    <property name="message" value="Leave an empty row after class/interface/@interface/enum definition!"/>
    <property name="severity" value="error"/>
    <property name="fileExtensions" value="java"/>
  </module>

  <!-- Checks for no empty lines before the end of blocks -->
  <module name="RegexpMultiline">
    <property name="id" value="RegexpMultilineEmptyRowBeforeBlockEnd"/>
    <property name="format" value="(?!\{\s*$)^$(?=^\s*\})" />
    <property name="message" value="Don't leave an empty row before the end of a block!"/>
    <property name="severity" value="error"/>
    <property name="fileExtensions" value="java"/>
  </module>

  <module name="TreeWalker">

    <module name="SuppressWarningsHolder"/>

    <!-- Checks that there is only one statement per line. -->
    <module name="OneStatementPerLine"/>

    <!--
      Imports
    -->
    <!-- Check that finds import statements that use the * notation. -->
    <module name="AvoidStarImport"/>

    <!-- Checks the ordering/grouping of imports. -->
    <module name="ImportOrder">
      <property name="ordered" value="true"/>
      <property name="option" value="top"/>
      <property name="sortStaticImportsAlphabetically" value="true"/>
      <property name="separated" value="true"/>
    </module>

    <!-- Checks for unused import statements. -->
    <module name="UnusedImports">
      <property name="processJavadoc" value="true"/>
    </module>

    <!-- Checks for redundant import statements. -->
    <module name="RedundantImport"/>


    <!--
      JavaDoc
    -->
    <!-- Validates Javadoc comments to help ensure they are well formed -->
    <module name="JavadocStyle">
      <property name="checkEmptyJavadoc" value="true"/>
    </module>

    <!-- Checks that the at-clause tag is followed by description. -->
    <module name="NonEmptyAtclauseDescription"/>

    <!-- Checks that no @author exists. -->
    <module name="Regexp">
      <property name="format" value="@author"/>
      <property name="illegalPattern" value="true"/>
      <property name="message" value="Author tag"/>
    </module>


    <!--
      Indention & Whitespace
    -->
    <!-- Checks correct indentation of Java code. -->
    <module name="Indentation">
      <property name="basicOffset" value="2"/>
      <property name="caseIndent" value="2"/>
      <property name="throwsIndent" value="2"/>
      <property name="arrayInitIndent" value="2"/>
      <property name="lineWrappingIndentation" value="2"/>
    </module>

    <module name="ParenPad"/>

    <!-- Controls the indentation between comments and surrounding code. -->
    <module name="CommentsIndentation"/>

    <!-- Checks that there is no whitespace after a token. -->
    <module name="NoWhitespaceAfter"/>
    <!-- Checks that there is no whitespace before a token. -->
    <module name="NoWhitespaceBefore"/>

    <!-- Checks that there is whitespace after {, if ... } -->
    <module name="WhitespaceAfter"/>
    <!-- Checks that there is whitespace around { for ... } -->
    <module name="WhitespaceAround"/>

    <module name="GenericWhitespace"/>

    <!-- Trailing whitespaces -->
    <module name="Regexp">
      <property name="format" value="[ \t]+$"/>
      <property name="illegalPattern" value="true"/>
      <property name="message" value="Trailing whitespace"/>
    </module>


    <!--
      Braces
    -->
    <!-- Checks for braces around code blocks. -->
    <module name="NeedBraces">
      <property name="tokens" value="LITERAL_DO, LITERAL_ELSE, LITERAL_FOR, LITERAL_IF, LITERAL_WHILE"/>
    </module>

    <!-- Checks the placement of left curly braces. -->
    <module name="LeftCurly"/>
    <!-- Checks the placement of right curly braces. -->
    <module name="RightCurly"/>


    <!--
      Common Sense
    -->

    <!-- Checks that the order of modifiers conforms to the suggestions in the Java Language specification. -->
    <module name="ModifierOrder"/>

    <!-- Checks for redundant modifiers. -->
    <module name="RedundantModifier"/>

    <!--
      Checks that any combination of String literals is on the left
      side of an equals() comparison.
    -->
    <module name="EqualsAvoidNull"/>

    <!-- Detects empty statements (standalone ";" semicolon). -->
    <module name="EmptyStatement"/>

    <!--
      Checks for empty catch blocks. Allows empty catch block with
      exception variable called 'expected' or 'ignore' or empty catch
      block with single line comment which contains 'expected' or 'ignore'.
     -->
    <module name="EmptyCatchBlock">
      <property name="exceptionVariableName" value="expected|ignore"/>
      <property name="commentFormat" value="expected|ignore"/>
    </module>

    <!-- Checks that constant names conform to a format specified by the format property. -->
    <module name="ConstantName"/>

    <!--
      Checks for a single empty line before (static) imports, class, enum, interface, method, constructor definitions
      and static and instance initializers
    -->
    <module name="EmptyLineSeparator">
      <property name="tokens" value="IMPORT, STATIC_IMPORT, CLASS_DEF, ENUM_DEF, INTERFACE_DEF, METHOD_DEF, CTOR_DEF,
        STATIC_INIT, INSTANCE_INIT"/>
      <property name="allowMultipleEmptyLines" value="false"/>
    </module>

    <!-- prohibit static imports (allowed in test classes, see suppressions -->
    <module name="AvoidStaticImport"/>

    <!--
      Allows usages of suppressions like: @SuppressWarnings("checkstyle:linelength"), useful for long method names
      from the Repositories
     -->
    <module name="SuppressWarnings">
      <property name="id" value="checkstyle:suppresswarnings"/>
    </module>

  </module>
</module>
