<?xml version="1.0" encoding="UTF-8"?>
<bpmn:definitions xmlns:bpmn="http://www.omg.org/spec/BPMN/20100524/MODEL" xmlns:bpmndi="http://www.omg.org/spec/BPMN/20100524/DI" xmlns:dc="http://www.omg.org/spec/DD/20100524/DC" xmlns:di="http://www.omg.org/spec/DD/20100524/DI" xmlns:camunda="http://camunda.org/schema/1.0/bpmn" id="Definitions_1" targetNamespace="http://bpmn.io/schema/bpmn" exporter="Camunda Modeler" exporterVersion="3.7.1" camunda:diagramRelationId="1fcd7560-165c-40f3-bb3d-51153356492c">
  <bpmn:collaboration id="Collaboration_193p4ax">
    <bpmn:participant id="Participant_1jjpaga" name="Collaboration Name" processRef="Process_1" />
    <bpmn:participant id="Participant_14vr0lr" processRef="Process_153omvv" />
  </bpmn:collaboration>
  <bpmn:process id="Process_1" name="" isExecutable="true" camunda:jobPriority="asd" camunda:taskPriority="asd">
    <bpmn:startEvent id="StartEvent_1" name="Start">
      <bpmn:outgoing>Flow_0zea6uo</bpmn:outgoing>
    </bpmn:startEvent>
    <bpmn:task id="Activity_1aoiy41" name="Task">
      <bpmn:documentation>свободными</bpmn:documentation>
      <bpmn:incoming>Flow_0zea6uo</bpmn:incoming>
    </bpmn:task>
    <bpmn:sequenceFlow id="Flow_0zea6uo" sourceRef="StartEvent_1" targetRef="Activity_1aoiy41" />
  </bpmn:process>
  <bpmn:process id="Process_153omvv" isExecutable="false">
    <bpmn:startEvent id="Event_0qva9nf">
      <bpmn:outgoing>Flow_0mdw6yc</bpmn:outgoing>
    </bpmn:startEvent>
    <bpmn:task id="Activity_0ga6mmi">
      <bpmn:incoming>Flow_0mdw6yc</bpmn:incoming>
    </bpmn:task>
    <bpmn:sequenceFlow id="Flow_0mdw6yc" sourceRef="Event_0qva9nf" targetRef="Activity_0ga6mmi" />
  </bpmn:process>
  <bpmndi:BPMNDiagram id="BPMNDiagram_1">
    <bpmndi:BPMNPlane id="BPMNPlane_1" bpmnElement="Collaboration_193p4ax">
      <bpmndi:BPMNShape id="Participant_1jjpaga_di" bpmnElement="Participant_1jjpaga" isHorizontal="true">
        <dc:Bounds x="160" y="50" width="600" height="250" />
      </bpmndi:BPMNShape>
      <bpmndi:BPMNEdge id="Flow_0zea6uo_di" bpmnElement="Flow_0zea6uo">
        <di:waypoint x="246" y="118" />
        <di:waypoint x="300" y="118" />
      </bpmndi:BPMNEdge>
      <bpmndi:BPMNShape id="_BPMNShape_StartEvent_2" bpmnElement="StartEvent_1">
        <dc:Bounds x="210" y="100" width="36" height="36" />
        <bpmndi:BPMNLabel>
          <dc:Bounds x="216" y="143" width="24" height="14" />
        </bpmndi:BPMNLabel>
      </bpmndi:BPMNShape>
      <bpmndi:BPMNShape id="Activity_1aoiy41_di" bpmnElement="Activity_1aoiy41">
        <dc:Bounds x="300" y="78" width="100" height="80" />
      </bpmndi:BPMNShape>
      <bpmndi:BPMNShape id="Participant_14vr0lr_di" bpmnElement="Participant_14vr0lr" isHorizontal="true">
        <dc:Bounds x="370" y="590" width="600" height="250" />
      </bpmndi:BPMNShape>
      <bpmndi:BPMNEdge id="Flow_0mdw6yc_di" bpmnElement="Flow_0mdw6yc">
        <di:waypoint x="488" y="710" />
        <di:waypoint x="610" y="710" />
      </bpmndi:BPMNEdge>
      <bpmndi:BPMNShape id="Event_0qva9nf_di" bpmnElement="Event_0qva9nf">
        <dc:Bounds x="452" y="692" width="36" height="36" />
      </bpmndi:BPMNShape>
      <bpmndi:BPMNShape id="Activity_0ga6mmi_di" bpmnElement="Activity_0ga6mmi">
        <dc:Bounds x="610" y="670" width="100" height="80" />
      </bpmndi:BPMNShape>
    </bpmndi:BPMNPlane>
  </bpmndi:BPMNDiagram>
</bpmn:definitions>
