<?xml version="1.0" encoding="UTF-8"?>
<bpm-platform xmlns="http://www.camunda.org/schema/1.0/BpmPlatform" xmlns:xsi="http://www.w3.org/2001/XMLSchema-instance"
              xsi:schemaLocation="http://www.camunda.org/schema/1.0/BpmPlatform http://www.camunda.org/schema/1.0/BpmPlatform ">

  <job-executor>
    <job-acquisition name="default" />
  </job-executor>

  <process-engine name="default">
    <job-acquisition>default</job-acquisition>
    <configuration>org.camunda.bpm.engine.impl.cfg.StandaloneProcessEngineConfiguration</configuration>
    <datasource>java:jdbc/ProcessEngine</datasource>

    <properties>
      <property name="history">full</property>
      <property name="databaseSchemaUpdate">true</property>
      <property name="authorizationEnabled">true</property>
      <property name="jobExecutorDeploymentAware">true</property>
      <property name="historyCleanupBatchWindowStartTime">00:01</property>
      <property name="historyTimeToLive">P1D</property>
    </properties>

    <plugins>
      <!-- plugin enabling Process Application event listener support -->
      <plugin>
        <class>org.camunda.bpm.application.impl.event.ProcessApplicationEventListenerPlugin</class>
      </plugin>

      <!-- plugin enabling integration of camunda Spin -->
      <plugin>
        <class>org.camunda.spin.plugin.impl.SpinProcessEnginePlugin</class>
      </plugin>

      <!-- plugin enabling connect support -->
      <plugin>
        <class>org.camunda.connect.plugin.impl.ConnectProcessEnginePlugin</class>
      </plugin>

      <plugin>
        <class>org.camunda.cawemo.plugin.CawemoEnginePlugin</class>
        <properties>
          <property name="cawemoUrl">http://cawemo-webapp:8070</property>
          <property name="userId">00000000-0000-0000-0000-000000000001</property>
          <property name="apiKey">d39cb67d504e19821bf3372a2c7addac33992325675301ddd3956a76df091964</property>
          <property name="projectName">Cypress Integration Tests</property>
          <property name="authMode">BASIC</property>
          <property name="customBasicAuth">false</property>
        </properties>
      </plugin>

    </plugins>

  </process-engine>

</bpm-platform>
